e 	130875
 t	108889
th	105156
he	85840
t 	77593
s 	74697
.\x0A	70416
, 	68354
 a	67927
d 	67309
er	58596
ou	58366
 s	57197
 h	54528
in	52770
r 	51609
an	51305
 m	49116
 w	48198
re	46547
nd	46201
y 	45808
n 	43743
ha	43579
\x0A\x0A	42452
or	38574
at	37901
o 	37225
 b	37016
 o	36755
is	36324
en	35541
 i	34678
hi	33181
ar	32512
es	32472
on	31871
ll	31309
 f	30875
st	30852
it	29869
ea	29347
me	28225
ve	28144
to	26683
,\x0A	25716
se	25493
l 	25471
 d	25445
 c	25155
h 	24493
ur	24262
 l	24199
te	24136
no	23946
ng	23877
f 	23819
ho	23757
 n	23277
 y	22946
le	21957
yo	21092
nt	20929
 p	20904
al	20848
 I	20460
I 	20425
ne	20093
of	19710
as	19251
ot	18966
ed	18497
wi	18247
\x0AT	18199
be	18079
ee	18062
e,	17926
ow	17853
\x0AA	16942
om	16764
el	16697
ro	16686
ce	16583
u 	16355
lo	16306
us	16125
de	16106
 g	15892
Th	15730
. 	15564
il	15446
et	15220
sh	15185
ma	15165
ri	15162
fo	14923
ch	14897
a 	14164
co	14083
ut	14001
  	13973
ti	13740
we	13472
li	13400
ra	13247
oo	12789
s,	12697
so	12394
my	12339
m 	12199
g 	12177
ir	11923
ai	11734
rt	11584
av	11479
 e	11423
la	11408
rs	11355
\x0AW	11329
 r	11323
un	11249
ld	11240
ay	11227
e.	11165
ke	11014
\x0AI	10956
rd	10598
ie	10543
si	10483
ul	10186
ad	10155
im	10123
do	9981
gh	9898
An	9892
’s	9779
wh	9681
ta	9663
ss	9478
pe	9333
wo	9291
mo	9250
tr	9215
d,	9193
nc	9188
ic	9162
\x0AS	9080
di	8926
am	8923
ge	8899
t,	8872
wa	8660
w 	8569
ol	8552
Wh	8478
ns	8336
 u	8180
?\x0A	8138
ac	8037
em	8015
io	7790
s.	7717
ca	7694
pr	7680
od	7672
os	7563
y,	7555
; 	7413
\x0AB	7298
ig	7293
r,	7255
ak	7253
id	7253
sa	7082
\x0AH	7053
fe	7049
fa	7017
t.	6958
k 	6882
e\x0A	6868
ht	6844
hy	6809
po	6733
mi	6692
ly	6617
go	6617
n,	6555
 k	6389
ds	6333
pa	6263
su	6010
ov	5958
S.	5940
bl	5906
ei	5898
bu	5864
\x0AM	5796
iv	5779
\x0A 	5745
ry	5740
ni	5646
 T	5572
ey	5572
ec	5497
;\x0A	5465
ev	5433
ts	5414
\x0AF	5381
\x0AC	5375
\x0AO	5343
sp	5273
 A	5262
’d	5178
uc	5135
d.	5133
bo	5130
fi	4955
EN	4954
ck	4948
fr	4944
if	4934
vi	4918
 S	4843
ru	4827
da	4822
gr	4818
br	4760
ue	4652
ag	4586
AN	4584
tt	4566
n.	4506
 C	4493
ug	4478
\x0AP	4439
pl	4424
r.	4390
 v	4377
tu	4373
s\x0A	4353
ty	4305
US	4261
ER	4250
He	4229
To	4221
na	4216
AR	4176
!\x0A	4174
[_	4166
ef	4114
rr	4031
ye	3998
IN	3986
\x0AL	3978
 H	3942
rn	3937
ep	3916
O.	3914
ga	3852
up	3747
\x0AN	3740
kn	3717
tl	3714
ct	3705
._	3696
 P	3687
y.	3671
mu	3663
au	3614
ki	3607
ba	3595
\x0AD	3550
_]	3531
mp	3521
by	3498
 M	3496
e’	3413
ap	3409
t\x0A	3404
 B	3396
d\x0A	3394
wn	3389
No	3386
 L	3355
ES	3355
 W	3346
ST	3330
l,	3324
E.	3258
ia	3251
pi	3248
ff	3236
Bu	3231
! 	3230
]\x0A	3227
 E	3205
o,	3201
p 	3190
nk	3189
ls	3175
ON	3124
\x0AE	3083
 G	3066
gi	3062
? 	3056
LE	3054
A.	3046
sw	3018
h,	2998
\x0AY	2994
En	2972
RI	2965
Yo	2957
N.	2936
hu	2922
ab	2911
cr	2855
op	2834
qu	2820
ok	2791
rm	2755
lf	2751
Fo	2740
\x0AG	2738
\x0A[	2734
ew	2731
ny	2710
’ 	2709
dr	2693
ik	2690
’l	2671
um	2668
Ma	2667
aw	2657
 F	2656
e;	2646
OR	2644
ci	2623
R.	2617
lt	2602
A 	2560
CE	2542
rc	2484
NE	2480
fu	2479
sc	2436
cu	2427
ys	2394
e?	2383
IO	2378
Co	2373
’t	2368
AL	2329
mb	2326
n\x0A	2326
Ex	2325
IA	2318
RO	2314
m,	2304
dy	2301
r’	2299
NT	2296
OL	2292
LO	2290
hr	2272
 O	2259
Wi	2254
pp	2252
D.	2251
Go	2232
rl	2219
 R	2204
 D	2203
r\x0A	2195
RD	2194
Be	2188
 ’	2181
We	2179
gu	2176
NG	2170
cl	2160
Ca	2157
LI	2155
ui	2148
nn	2144
pu	2143
LA	2137
oi	2129
As	2073
HE	2065
l.	2058
_E	2049
ft	2048
I’	2044
Ha	2043
TH	2018
TI	1992
u,	1990
SE	1965
n’	1949
w,	1946
ob	1941
So	1936
g,	1929
\x0AK	1928
tw	1922
y\x0A	1920
ms	1918
oc	1910
MA	1902
\x0AR	1898
Ho	1898
va	1890
ks	1884
ud	1878
My	1877
ex	1875
m.	1863
ND	1857
EL	1853
rk	1848
If	1847
rg	1843
gl	1838
T.	1834
af	1832
fl	1831
: 	1823
Lo	1815
s;	1814
ET	1800
k,	1796
lu	1795
TE	1781
sl	1769
t’	1767
bi	1761
gs	1756
rv	1751
Sh	1744
ws	1743
eg	1737
HA	1733
Si	1726
 K	1723
CH	1720
ip	1715
 j	1698
oy	1694
Y.	1694
h’	1678
eu	1651
IC	1649
h.	1643
oa	1634
Le	1629
SS	1618
BE	1609
o.	1600
In	1599
LL	1560
:\x0A	1556
e!	1555
 q	1543
KI	1519
 [	1516
s’	1507
vo	1503
O 	1502
IR	1498
pt	1474
xe	1468
RE	1454
g.	1450
ub	1435
TO	1432
IU	1430
Pr	1416
du	1408
oe	1400
Ti	1400
RA	1397
TR	1378
tc	1375
Ki	1373
CO	1371
mm	1366
Ro	1363
s?	1360
CA	1349
t;	1345
I.	1342
\x0At	1337
wr	1334
TA	1329
SI	1329
o’	1328
nf	1318
’e	1318
 N	1314
Fr	1312
 J	1292
II	1291
ua	1277
iu	1274
d;	1269
eo	1268
UC	1267
NI	1263
AT	1251
T 	1223
AM	1213
Do	1209
ph	1209
Of	1191
DE	1190
NA	1186
Al	1185
MO	1179
t?	1174
xi	1173
SA	1164
PA	1161
MI	1150
It	1136
RS	1135
GE	1129
E 	1127
AC	1123
dl	1119
ME	1118
LU	1115
IL	1108
IS	1107
gn	1103
O,	1102
—\x0A	1102
CL	1095
je	1085
h\x0A	1083
NC	1082
s!	1076
PE	1074
Is	1069
r;	1067
Pa	1066
 Y	1059
SC	1055
OS	1030
d?	1025
ps	1023
] 	1020
nl	1011
AS	1005
l\x0A	1003
u.	996
\x0AU	990
r?	989
n;	971
Mo	963
a,	963
ju	955
BA	950
OT	947
EM	947
og	947
Hi	926
G 	925
FI	923
By	920
 V	917
Sc	915
CI	915
rp	914
ED	913
f,	911
HO	908
Or	908
Se	904
lv	902
nu	893
n?	892
’T	890
d’	889
rf	885
ib	882
\x0Aa	881
lk	881
DO	878
l’	878
K.	876
Ye	874
Fa	872
HI	871
VI	862
Ar	858
Du	858
y’	848
dd	848
FF	847
k.	846
sm	841
uk	841
St	829
DI	826
Gr	822
D 	819
IT	814
cc	813
dg	812
RT	806
PH	804
w.	793
PR	793
OM	790
OU	786
DU	783
Di	775
jo	774
OW	774
\x0Aw	773
y;	770
 “	767
\x0A’	759
UR	755
Tr	752
Sa	748
La	747
KE	745
eh	742
Re	740
sk	738
Wa	734
e-	730
AG	729
EO	729
RU	729
QU	728
\x0As	723
Na	719
Pe	719
Ay	717
o\x0A	717
ek	716
\x0AV	715
De	710
Br	708
.]	705
CK	703
f\x0A	700
uf	695
_.	693
UE	689
t!	687
\x0Ah	687
H.	685
L.	681
e:	680
f.	675
EE	673
UL	669
yi	667
Me	662
k’	661
y?	661
eb	659
rb	659
p,	657
ze	655
d!	654
NO	650
PO	650
sb	644
g\x0A	644
RY	639
cy	638
bs	636
xt	631
m\x0A	630
FO	629
TU	628
hs	628
n!	628
AU	627
OF	624
At	624
EC	622
Po	616
Ta	612
lp	610
Ou	610
Cl	607
IM	606
ae	606
AD	601
a.	601
lc	597
I\x0A	594
S 	591
GA	589
F 	588
nv	585
AF	584
xc	581
_T	581
WA	581
F.	581
On	579
\x0AQ	577
hn	573
Ba	572
w\x0A	571
GO	571
\x0AJ	570
gg	565
LS	565
Wo	562
y!	559
N 	557
FA	557
lm	554
DA	554
r!	543
Mi	542
Un	540
CT	540
IE	536
rw	535
DR	534
\x0Am	533
_A	527
\x0Ab	526
UT	524
l;	524
a\x0A	523
BO	521
Li	520
BR	517
v’	515
Jo	505
EA	504
CU	503
NS	497
\x0Ac	497
G.	497
VA	496
Ch	495
s:	495
m’	489
” 	489
 Q	489
IV	488
g’	487
k\x0A	481
Bo	480
sy	480
p.	480
Su	476
o?	474
RC	472
ya	472
WN	471
.—	468
UK	467
nr	465
Qu	463
mn	462
dv	460
Ri	460
ID	459
Ne	453
Fi	452
\x0A“	450
bt	447
AB	445
BU	442
kl	439
Gi	437
w’	436
dn	435
UN	431
RL	431
c 	430
M.	430
u\x0A	428
r-	423
SH	420
eq	419
\x0Af	417
NR	416
ix	413
WI	412
R 	410
W.	408
oh	408
LY	408
UM	403
-b	400
Ev	400
Ge	400
m;	400
py	398
iz	398
t-	393
’r	393
xp	393
tn	392
Up	391
uo	390
\x0Ao	389
NY	388
AI	388
Lu	387
NU	386
,—	385
bb	385
\x0Ap	384
yr	383
o;	383
wl	380
Sp	377
-s	376
\x0Ai	375
vy	371
Mu	370
t:	369
u?	369
dw	368
 _	368
h;	367
”\x0A	366
ML	364
o!	363
HU	363
az	361
l-	361
I,	359
u’	359
SP	358
V.	357
i’	355
SU	354
OB	353
g;	348
ym	348
EY	348
OP	347
IZ	347
AP	346
Te	346
RG	345
a’	344
m?	344
\x0Ad	343
RV	341
nj	340
SO	338
Ed	338
EP	337
dm	335
d:	333
_\x0A	333
Ju	328
mf	327
sd	325
GR	320
MU	318
PI	318
Fl	316
GL	316
b 	312
Gl	312
l!	307
JU	306
Pl	306
aj	305
IP	303
PU	303
DY	301
TL	301
d-	301
EU	301
nq	300
l?	300
\x0A_	300
.”	299
r:	297
GH	295
Ve	295
AE	293
Da	293
VO	293
p’	292
-h	290
RM	286
RN	286
w?	284
Dr	284
yt	281
CR	278
hm	278
\x0An	278
\x0Al	277
bj	272
YO	271
LD	271
Cr	270
Ag	269
FR	267
UF	267
\x0Ay	266
Tw	266
GU	264
g?	264
_S	264
Ga	262
lb	262
MB	261
Kn	258
-c	257
nm	257
-f	256
UI	256
Sw	255
Bi	252
p\x0A	251
FE	250
nw	250
nh	250
Y 	249
e_	249
n-	247
x 	246
 ‘	245
nb	244
e—	244
-d	243
ZE	243
Pi	242
-l	242
BI	242
EW	241
n:	241
OC	240
h?	239
ja	236
h!	235
YR	234
Ea	233
gt	232
Fe	229
Hu	226
-t	224
-w	223
Am	221
\x0Ag	221
RK	220
y-	216
hl	214
xa	213
ax	212
CB	209
,”	209
Tu	208
JA	208
Ad	206
\x0Ar	206
Pu	205
VE	204
Aw	204
SY	204
y:	203
YS	203
LK	203
df	202
s_	202
MP	201
OI	201
BY	201
Gu	199
-p	199
sn	198
\x0Ae	198
OG	198
KA	197
WO	195
Ja	194
sf	193
Ac	193
Ka	193
OO	191
JO	191
fy	191
rh	191
-m	191
g-	189
ah	189
-a	186
FL	186
k;	186
RW	186
Je	185
wd	183
UD	183
sg	182
tm	181
Bl	181
Ph	180
HN	179
h-	179
m!	179
s—	179
ZA	178
Vi	176
OH	175
-e	175
u;	175
Ah	173
a!	173
AV	172
LV	172
a-	171
k!	171
Va	170
w;	170
tf	169
ox	169
k?	169
DW	169
SD	168
YM	167
lr	167
Ke	167
WE	165
S,	164
 1	163
ml	163
’n	163
oj	162
EB	162
RR	162
fs	162
LB	162
Ap	160
!—	160
hf	158
yp	158
Ab	157
 U	156
_ 	156
f;	156
V\x0A	155
za	155
AW	155
Au	154
NN	154
IG	154
Ra	154
Em	154
TS	150
Cu	150
!”	150
oz	150
hb	149
YE	149
 (	144
Er	143
TC	143
RB	142
g!	141
gd	138
GB	138
—t	136
’\x0A	135
cq	135
gm	135
c.	134
d—	134
w!	134
El	133
CY	132
OV	132
“T	132
LP	132
uy	131
Ol	131
OY	131
w-	130
Sl	130
_H	130
f?	128
c’	128
EG	128
Ty	127
Ru	126
TT	126
-g	125
\x0A‘	125
_W	124
) 	123
ko	122
t—	122
a?	122
_,	122
-r	121
k-	121
X.	121
IF	120
l:	120
’g	120
Af	119
t_	119
AY	119
r—	118
Im	118
MN	118
gb	116
DG	116
gy	115
Ce	115
np	114
.’	114
u!	114
PT	114
UG	114
s-	113
_D	112
—a	112
b,	111
\x0Au	111
_R	110
Cy	110
Vo	109
XE	109
f-	108
p;	108
sq	108
SB	108
yl	107
HS	107
IB	107
ky	106
EV	106
Ia	106
HY	105
n—	104
f’	103
LC	102
BL	101
NZ	100
OK	99
OE	99
o:	99
Eg	99
EX	99
PL	98
a;	98
OD	98
HT	97
H 	97
\x0Ak	97
Ci	97
wf	96
LT	95
“A	94
Ot	93
“W	93
P.	93
h:	92
m:	92
SL	92
\x0Av	90
—w	90
yb	90
\x0A(	87
’a	86
Ly	86
g:	85
c,	85
Op	85
_K	85
lw	84
x,	83
O’	83
p?	83
IX	82
Fu	82
DM	82
EI	81
b’	81
L 	80
—I	80
?—	80
CD	80
YL	80
hw	79
cb	79
Ir	78
iq	77
O!	77
PP	76
KL	76
lg	75
AQ	75
Aj	74
zo	73
p!	73
_F	73
f!	73
r_	73
“I	73
GS	73
YC	73
Ei	72
Nu	72
GM	72
p-	71
ln	71
y—	71
UB	71
)\x0A	70
nz	70
Py	70
rq	70
’S	69
A,	69
_G	69
4\x0A	68
E\x0A	68
6\x0A	68
ez	68
8\x0A	67
0\x0A	67
u:	67
n_	67
2\x0A	66
-o	66
kf	66
Ni	66
Ep	66
E,	66
S\x0A	65
Wr	65
rj	65
_C	64
NV	64
bh	63
N,	63
ej	63
—W	63
_P	63
Ae	63
_L	63
yw	62
—O	62
RF	62
b.	61
’c	61
LM	61
Oc	59
-n	59
x’	59
_M	59
TM	59
EF	59
zi	58
z’	58
OX	58
WD	58
WR	58
AA	58
TZ	57
“H	56
_I	56
?”	56
NW	56
AJ	56
AX	56
g™	56
 z	55
o-	55
”.	55
zz	55
e”	54
“O	54
hd	54
x.	54
vu	53
w:	53
“G	53
SW	53
DS	52
k:	52
-v	52
bd	52
yn	52
Sy	52
HB	52
ka	51
—h	51
i 	51
-i	50
”,	50
aq	50
 .	50
\x0A1	50
Sm	49
_B	49
yf	49
ux	49
,’	48
ao	48
f:	48
cs	48
“S	48
a_	48
—b	48
Il	48
YT	48
ZO	48
R,	47
-k	47
 &	47
o_	47
?_	47
 2	46
&c	46
—C	46
!_	46
_O	46
BB	46
wb	46
10	45
e)	45
“L	45
Ob	45
“F	45
Z.	45
 4	44
’o	44
dk	44
1.	44
 8	43
[E	43
Y,	43
Ox	43
 5	42
yc	42
xf	42
™ 	42
 3	41
 6	41
11	41
m—	41
“B	41
—G	41
NL	41
Aa	41
JE	40
TY	40
 9	40
t”	40
næ	39
“C	39
’m	39
‘T	38
 7	38
g_	38
Es	38
Sn	38
-u	37
D\x0A	37
b\x0A	37
kw	37
wt	37
Us	37
æ\x0A	37
h—	37
cd	37
”?	37
T\x0A	36
T,	36
R\x0A	36
“t	36
),	36
u—	36
z,	36
Ov	36
’f	36
z 	36
!’	35
UP	35
—T	35
—S	35
d_	35
—H	35
Ul	35
HM	35
tz	35
PS	35
—s	34
y”	34
uz	34
Ur	34
NQ	34
UO	34
wk	33
o—	33
Hy	33
GI	33
WB	33
1 	33
N\x0A	32
—f	32
“N	32
l—	32
zy	32
Gh	32
I?	32
Ny	32
ço	32
èd	32
NB	31
E:	31
n”	31
dc	31
—M	31
“M	31
:—	31
mw	31
nç	31
T’	30
bm	30
D,	30
g—	30
i_	30
\x0Aj	29
—m	29
r”	29
\x0Aq	29
m_	29
pw	29
DF	29
MS	29
12	28
zl	28
“P	28
pb	28
tp	28
‘A	28
XT	27
Et	27
kr	27
tb	27
wy	27
f—	27
—o	27
 X	27
w—	27
—y	27
—B	27
“a	27
I;	27
xh	27
SR	27
_—	27
m-	26
ih	26
Os	26
i,	26
“s	26
C.	26
GN	26
 ”	26
E’	25
1\x0A	25
—i	25
p:	25
—L	25
XA	25
—A	25
mt	25
—P	25
_l	25
NM	24
SM	24
9\x0A	24
t)	24
_t	24
_s	24
”—	24
H\x0A	23
5\x0A	23
oq	23
(a	23
;—	23
hc	23
y_	23
s”	23
‘H	23
’—	23
—_	23
Y\x0A	23
\x0A2	23
3\x0A	22
s)	22
dj	22
‘I	22
“D	22
yd	22
pk	22
ku	22
Yi	22
2 	22
MW	22
.E	22
16	21
’,	21
—Y	21
U.	21
—F	21
dh	21
Cæ	21
æs	21
KN	21
00	20
20	20
d)	20
YN	20
“h	20
x\x0A	20
km	20
—n	20
xu	20
UA	20
”;	20
Zo	20
_p	20
YZ	20
7\x0A	19
’G	19
XI	19
Eu	19
r)	19
L,	19
’u	19
_N	19
NÇ	19
ÇO	19
PC	19
ww	18
13	18
“n	18
uv	18
—N	18
Av	18
iw	18
?’	18
Id	18
dp	18
yg	18
[A	18
YB	18
AK	17
HR	17
14	17
‘O	17
’i	17
hh	17
l”	17
AO	17
(W	17
‘S	17
-j	17
IW	17
eB	16
A\x0A	16
K\x0A	16
36	16
44	16
80	16
’?	16
b?	16
‘N	16
g”	16
“Y	16
—l	16
yh	16
—d	16
Oh	16
z.	16
XF	16
24	15
28	15
n)	15
48	15
52	15
56	15
60	15
72	15
88	15
96	15
’h	15
tg	15
b;	15
dt	15
i-	15
—D	15
’v	15
-y	15
x;	15
b-	15
“w	15
d”	15
(A	15
‘M	15
Rh	15
\x0AZ	15
yz	15
 \x0A	14
’.	14
32	14
64	14
68	14
84	14
92	14
04	14
08	14
k—	14
’y	14
‘W	14
“R	14
H,	14
pf	14
db	14
pm	14
’;	14
a:	14
‘a	14
Ow	14
VY	14
SN	14
i.	14
OA	14
c?	14
(D	14
“b	14
BH	14
‘“	14
15	13
40	13
76	13
‘F	13
’p	13
—p	13
c;	13
c\x0A	13
“m	13
(w	13
_J	13
sr	13
‘G	13
_V	13
Sb	13
ji	13
“y	13
l_	13
PY	13
‘B	13
M 	12
L\x0A	12
R’	12
LF	12
gf	12
—’	12
hœ	12
(F	12
k_	12
“i	12
kh	12
mr	12
xq	12
yv	12
P 	12
TJ	12
_Q	12
™\x0A	12
G\x0A	11
TW	11
WH	11
(T	11
(t	11
(I	11
M,	11
.,	11
a—	11
’A	11
xo	11
œb	11
o”	11
”!	11
“d	11
’O	11
wm	11
!)	11
-q	11
_m	11
O\x0A	11
x-	11
Ai	11
 à	11
à 	11
“_	11
”_	11
_c	11
\x0AX	11
.F	11
U 	10
(b	10
“’	10
ii	10
—c	10
“p	10
Od	10
_v	10
_i	10
“c	10
c!	10
“f	10
’F	10
‘L	10
z-	10
_e	10
_q	10
nè	10
e]	10
.g	9
.o	9
18	9
y)	9
(o	9
g)	9
k)	9
m)	9
—“	9
x?	9
‘s	9
_h	9
_U	9
mv	9
—E	9
—g	9
pc	9
zu	9
“l	9
;”	9
’b	9
p—	9
(O	9
Sq	9
é 	9
:_	9
tj	9
_f	9
b!	9
Aq	9
bw	9
 -	9
- 	9
**	8
 *	8
M\x0A	8
50	8
Y’	8
hq	8
’!	8
‘D	8
f_	8
I!	8
fp	8
“r	8
kb	8
sj	8
x!	8
RP	8
ré	8
_b	8
Om	8
“g	8
CC	8
‘t	8
[T	8
* 	7
(f	7
h)	7
41	7
(i	7
Ut	7
90	7
— 	7
‘Y	7
K,	7
“o	7
td	7
h_	7
‘w	7
mh	7
‘f	7
_w	7
_a	7
 Z	7
bn	7
wg	7
cm	7
éc	7
X\x0A	7
I:	7
sè	7
ZW	7
.S	7
19	6
K 	6
l)	6
22	6
23	6
30	6
’H	6
33	6
39	6
49	6
54	6
(s	6
85	6
01	6
W,	6
hp	6
Sk	6
lh	6
XV	6
m”	6
“e	6
Dy	6
_r	6
_Y	6
—r	6
 Æ	6
;_	6
‘b	6
—[	6
Vu	6
MY	6
vr	6
3 	6
TG	6
zw	6
.1	6
.3	6
0 	6
94	5
29	5
02	5
FT	5
W\x0A	5
17	5
21	5
25	5
26	5
27	5
(d	5
31	5
34	5
38	5
42	5
45	5
46	5
(m	5
51	5
53	5
61	5
62	5
65	5
69	5
81	5
b:	5
09	5
‘n	5
W 	5
_k	5
‘h	5
,_	5
Ey	5
Pt	5
.)	5
h”	5
f”	5
_g	5
xy	5
fn	5
‘C	5
gp	5
“E	5
w”	5
xl	5
uu	5
DL	5
_o	5
CM	5
Ic	5
té	5
z;	5
ès	5
êt	5
i!	5
rè	5
_d	5
-M	5
\x0A3	5
_”	5
Dw	5
3.	5
Cœ	5
œu	5
”:	5
’B	5
u-	5
“V	5
_u	5
BW	5
B.	5
‘i	5
.A	5
99	4
pd	4
OJ	4
L’	4
MM	4
35	4
37	4
43	4
47	4
57	4
58	4
59	4
66	4
70	4
74	4
77	4
78	4
79	4
82	4
86	4
87	4
89	4
91	4
93	4
98	4
05	4
06	4
pn	4
\x0A—	4
-G	4
Ya	4
z?	4
—e	4
(B	4
S’	4
’M	4
’L	4
_;	4
;’	4
’:	4
Z 	4
Ec	4
zv	4
“J	4
c:	4
wc	4
 é	4
j’	4
ée	4
né	4
C’	4
D’	4
é,	4
dé	4
é?	4
é.	4
É.	4
 ê	4
lz	4
u”	4
UX	4
“K	4
aë	4
ët	4
(c	4
2.	4
4.	4
5.	4
9.	4
DÉ	4
“v	4
O—	4
Ig	4
nx	4
—R	4
G,	4
[H	4
‘R	4
‘J	4
-S	4
‘m	4
.O	4
.I	4
“À	4
À 	4
g/	4
.8	4
 •	4
• 	4
*\x0A	3
(u	3
55	3
63	3
67	3
71	3
73	3
75	3
83	3
95	3
(M	3
97	3
03	3
07	3
Ry	3
Io	3
Eq	3
-A	3
Gn	3
a”	3
—”	3
aa	3
—J	3
Æn	3
f)	3
o)	3
(n	3
‘g	3
‘c	3
C 	3
Wy	3
kt	3
kc	3
:”	3
hv	3
lé	3
Éc	3
ér	3
i\x0A	3
ié	3
x_	3
sé	3
z!	3
DV	3
-R	3
WY	3
gw	3
LN	3
—k	3
6.	3
7.	3
8.	3
… 	3
’W	3
Ef	3
‘E	3
Ji	3
c_	3
bg	3
hè	3
:’	3
‘P	3
rz	3
p”	3
yx	3
A’	3
FU	3
.7	3
.9	3
3,	3
1,	2
4 	2
\x0A*	2
KS	2
IK	2
T;	2
LG	2
X 	2
(h	2
(L	2
(p	2
(l	2
Oa	2
],	2
-T	2
];	2
c—	2
wp	2
GY	2
YP	2
(_	2
p)	2
H’	2
xs	2
a)	2
(Y	2
):	2
(C	2
:.	2
-Y	2
TN	2
Eb	2
2s	2
F,	2
—v	2
& 	2
[P	2
Ps	2
].	2
bk	2
DP	2
RÉ	2
É,	2
ét	2
és	2
_É	2
ép	2
z:	2
vé	2
râ	2
âc	2
éa	2
(H	2
F\x0A	2
bv	2
X,	2
 \x09	2
I—	2
RQ	2
’w	2
Ip	2
Ze	2
\x0A5	2
MF	2
_“	2
æ 	2
m…	2
L”	2
b_	2
B 	2
sv	2
AZ	2
(G	2
kv	2
vl	2
-L	2
—u	2
zè	2
—‘	2
vè	2
b)	2
’I	2
lè	2
mè	2
[S	2
[M	2
[D	2
o]	2
[U	2
,\x09	2
\x09 	2
P\x0A	2
G”	2
“j	2
wu	2
‘v	2
EK	2
U’	2
M’	2
WS	2
kg	2
æd	2
“U	2
/c	2
.C	2
PG	2
.2	2
7 	2
8 	2
.4	2
.5	2
.6	2
I”	2
c)	2
/d	2
﻿T	1
[e	1
 #	1
#1	1
0]	1
9,	1
(y	1
w)	1
c-	1
G;	1
E]	1
[C	1
r]	1
dæ	1
æm	1
—.	1
U,	1
“q	1
).	1
Sd	1
(V	1
YD	1
(U	1
?)	1
(P	1
tv	1
(’	1
Z,	1
C,	1
-à	1
à-	1
‘’	1
_?	1
-H	1
xm	1
Mr	1
“k	1
A-	1
2d	1
4d	1
5s	1
8d	1
6d	1
Um	1
]—	1
-E	1
GD	1
kp	1
pé	1
z\x0A	1
dè	1
 É	1
N’	1
éj	1
jà	1
Né	1
eç	1
dî	1
în	1
_!	1
là	1
à?	1
’é	1
rê	1
à\x0A	1
bé	1
ué	1
mé	1
ça	1
pè	1
èr	1
Hé	1
(J	1
UV	1
P,	1
HW	1
\x09A	1
T-	1
S)	1
-K	1
-C	1
’”	1
A_	1
_1	1
\x0A4	1
\x0A6	1
\x0A7	1
\x0A8	1
\x0A9	1
0.	1
 …	1
lq	1
Ug	1
Cn	1
(E	1
\x09T	1
b—	1
b”	1
u_	1
-W	1
Æs	1
oî	1
ît	1
Dé	1
pê	1
êc	1
—V	1
yk	1
w_	1
—U	1
-’	1
rç	1
B,	1
N;	1
fè	1
cè	1
kè	1
n]	1
[W	1
[s	1
‘l	1
[R	1
[K	1
\x0A&	1
,)	1
_:	1
”]	1
(S	1
mc	1
‘K	1
’]	1
Y-	1
.;	1
RH	1
Iw	1
—(	1
_)	1
—,	1
‘d	1
pg	1
O?	1
‘k	1
Xa	1
‘o	1
Æa	1
—?	1
[B	1
-J	1
md	1
æu	1
’C	1
cn	1
s'	1
' 	1
x—	1
Sf	1
Oy	1
P’	1
M!	1
i;	1
‘p	1
’_	1
(N	1
BC	1
C;	1
(g	1
—Q	1
œn	1
pæ	1
Dæ	1
eæ	1
æq	1
—j	1
’q	1
);	1
tæ	1
XX	1
Æt	1
k”	1
“‘	1
‘U	1
G™	1
T:	1
”)	1
/l	1
k/	1
.B	1
(“	1
F)	1
.D	1
™.	1
0%	1
% 	1
4,	1
s/	1
/h	1
XC	1
EQ	1
S-	1
-I	1
XP	1
™’	1
1(	1
)(	1
(3	1
3)	1
4-	1
-6	1
9 	1
6,	1
(8	1
1)	1
6-	1
-1	1
($	1
$1	1
 $	1
$5	1
5,	1
,0	1
0)	1
™,	1
