 	271588111
_	89559559
E	82002428
T	60997756
I	53615526
R	51267837
S	49538550
A	46867472
N	44881768
C	43863746
D	41125859
\x0A	35967296
O	34236804
\x09	34140341
0	33596949
L	31325676
F	31174339
P	30315679
M	26647652
U	23350453
X	17050084
G	16335350
B	14585651
H	14550822
,	13887336
V	13041123
1	10166212
)	10124279
(	10118669
;	9623147
*	9595806
K	8942033
2	8109737
-	7266279
W	6865706
#	6449024
Y	6447707
=	6284953
/	5221886
>	5031842
3	4994296
"	4617801
.	4306734
4	4189900
8	3399414
Q	3233906
6	2945532
{	2842741
}	2842658
5	2807840
:	2093589
7	2003317
&	1938864
Z	1891505
9	1717030
[	1402722
]	1401621
<	1222991
\\	1027579
+	902420
|	745836
%	622837
J	600092
!	598033
@	351653
'	273064
?	98312
$	87911
~	82193
^	18497
`	9020
â”€	1950
Â©	1728
çš„	1287
ã€‚	1232
â”‚	1107
ë‹¤	1075
ì´	1067
ëŠ”	961
ï¼Œ	952
ì˜	886
ì–´	691
ì—	667
ë¦¬	651
ç”¨	633
ë‹ˆ	591
ë¡œ	573
í•˜	572
ì„	530
ìŠ¤	519
åœ¨	477
ì„œ	472
Ã³	462
ê°€	451
ë“¤	444
ë¥¼	443
ì§€	442
æ–‡	436
Â 	430
ìˆ˜	413
ä¸­	408
ä¸€	396
Ã©	392
ê¸°	392
Ã¡	388
ì€	378
í•´	364
ë“œ	344
ìžˆ	336
æ ¸	334
å¯	333
ä¸ª	331
ë°°	329
ä»¥	310
ì‹œ	302
è®¾	302
å¦‚	298
ëª¨	293
æœ‰	286
â€	284
ä½¿	284
â€œ	278
í•œ	274
ï¼š	270
ì¼	262
Ã¶	255
ï¼ˆ	253
ï¼‰	253
ä»¶	252
å¤‡	247
å†…	246
ã€	245
ê³ 	244
ã®	241
ãƒ¼	232
Ã­	232
Å‚	229
ìŠµ	226
å­˜	224
å…§	224
ì¸	221
ê²ƒ	221
ç½®	215
ì…˜	214
â€“	213
æ•°	211
ë©”	211
è€…	210
ë„	209
ë³´	207
ë ˆ	207
ë˜	204
ì 	203
ì„±	200
ë§Œ	200
ì‚¬	196
æžœ	193
ä¸º	193
íŠ¸	192
ìš©	191
í„°	190
ì„¸	189
ê³¼	188
ä¸‹	187
ê·¸	187
ê²Œ	185
ì˜¤	185
æ˜¯	185
ä¸	184
è¢«	183
í•©	176
Â°	174
ç‰ˆ	174
ã‚‹	173
ã„	171
èƒ½	171
å¿…	169
ãª	168
è¿™	167
æŒ‡	167
ã«	166
Âµ	165
ëŸ¬	165
ë¼	165
ìœ¼	163
å®š	162
í¼	162
â€™	160
é€š	156
æž„	156
Ã¤	155
ä½œ	154
è¦	154
ë©´	154
ì•Š	154
åŠ¨	152
å€‹	149
ä½“	147
ì œ	147
è¡Œ	146
ç»“	145
æœ¬	143
ìˆœ	142
ëŒ€	140
æ€§	139
ã‚Œ	138
äºŽ	138
ë‚˜	137
æ–°	135
æ‰€	134
ì¡´	133
äº†	133
ì™€	132
æˆ–	130
å’Œ	129
ç³»	129
ä»£	127
äº›	127
ìž¥	127
æ—¶	126
ìš”	125
æ¨¡	125
ã¯	123
å­	122
é…	121
í• 	121
å€¼	121
â”œ	121
ë¬¸	120
ëœ	120
âŽ½	120
æ›´	119
ìŒ	118
â””	118
\x0C	117
ì •	114
è°ƒ	114
çˆ²	114
åœ°	113
ã¨	112
ë¶€	112
ë°”	112
é©±	111
ë°	110
ìƒ	110
å°†	109
ã¦	108
æ–¹	108
å…¶	108
ä¼š	107
ì•„	107
ì—¬	106
ì»´	105
íŒŒ	105
ã—	104
æŽ¥	104
ì˜ˆ	104
ç¨‹	103
ì£¼	102
í† 	102
ã‚¤	101
ã‚’	101
ìž	101
ë‘	101
í–‰	101
åˆ°	101
å€	101
ç©º	100
æ³•	100
ìœ„	100
é¡»	100
ãƒ³	99
ä¿	99
Ð¸	98
Ñ‚	98
æ³¨	97
ê°™	97
ë¥¸	97
ì½”	97
ä½ 	97
ã‚¹	95
å›ž	95
å…¥	95
å¼	95
å®ƒ	94
ë³€	93
ä¾‹	92
å¤§	92
æ­¤	92
â†“	92
ãŒ	91
ì“°	91
ì†Œ	91
ìš°	90
ì•¡	90
å§‹	90
ã“	89
å¸¸	89
ì „	89
å®ž	89
ä¹Ÿ	89
å™¨	89
å‡½	89
ë²„	88
ãŸ	87
åŒ…	87
ä½	87
å¯¹	87
æ˜ 	87
ç¿»	86
æ“	86
ç†	85
ë¶„	85
ç›®	85
ìž…	84
éœ€	84
å°	82
ìž¬	82
ì¹˜	82
å¼•	81
ë 	81
ì—†	81
åº	81
è¿‡	81
Ãº	80
æ­£	80
í™”	79
ã§	78
äº‹	78
å‘	78
å‡º	78
ì•¼	78
å‰	77
å«	77
åŒ	77
ì»¤	77
í•¨	77
ä¸Š	76
ãƒ«	75
å¤š	75
ë„	75
ìž‘	75
ë™	74
ì½	74
í¬	74
ê²°	73
ë“ 	73
ì•ž	73
åº”	73
åƒ	73
è­¯	73
é€™	73
èŠ‚	72
æ–¼	72
ì™„	71
åˆ¶	71
å¹¶	71
åˆ™	71
ç‰¹	70
æ™‚	70
åŠ©	70
çŽ°	70
è¨­	69
è‡ª	69
é—´	69
è¯‘	68
ãƒª	67
ê´€	67
ë‹¹	67
å»º	67
â€˜	66
ç‚¹	66
ã‹	65
å½“	65
ëŸ°	65
ã‚‚	64
æž¶	64
åŒ–	63
ç 	63
ä»¤	63
Â¯	63
ç›¸	62
ë‚´	62
ë½	62
ç»Ÿ	62
Ã¼	61
æœ€	61
æ	60
åŸŸ	60
è€Œ	60
ã•	59
ç›´	59
ì¡°	59
ê²½	59
ä¹‹	59
ç±»	59
æ®	59
â”Œ	59
æƒ…	58
ëª…	58
åž‹	58
ä»–	57
ì‹¤	57
ìº	57
ë•Œ	57
éƒ½	57
â”˜	57
ã†	56
í…œ	56
æˆ·	56
å‚	56
å·²	56
Â²	55
ãƒ	55
ä½•	55
åˆ	55
ë””	55
ì˜	55
â”	55
ã™	54
ã‚	54
ã‚‰	54
éž	54
è¡¨	54
ë²ˆ	54
è¿”	54
å°	54
æˆ	53
ä¾›	53
í•„	53
è¯·	53
ç¶­	53
ç¢¼	53
é–“	52
å®‰	52
ëŠ¥	52
ê°œ	52
ê°’	52
ä¸”	52
åˆ†	51
ê³µ	51
ë©	51
å‚™	51
æ•¸	51
é ˆ	51
æŒ	50
è­·	50
æ„	50
ä½†	50
ç»´	50
æŠ¤	50
ãƒ‰	49
å•	49
ìƒ	49
ê°	49
ä»»	49
ç•™	49
åŽ	49
Ð‘	49
ÑŽ	49
Ñ†	49
Ðº	49
Ð¹	49
Ð	49
Ñ€	49
Ñ‘	49
Ð¼	49
éŽ	48
åŠ	48
å±ž	48
å…³	48
å‚…	48
å°‡	48
å…¨	47
æ§‹	47
ë˜	47
å—	47
çµ±	47
Ã¸	46
ã‚¿	46
ä¿¡	46
ç¾	46
åŠ 	46
ë’¤	46
å°±	46
åŸº	46
è«‹	46
ã‚«	45
ì—­	45
é›¶	45
ç¼“	45
é’ˆ	45
æ‡‰	45
ãƒ	44
é¡Œ	44
ç”Ÿ	44
æ¥	44
ì‹ 	44
í”„	44
ë”°	44
ë°˜	44
ç¼–	44
æ¡£	44
æ‚¨	44
æƒ³	43
ìµœ	43
åª	43
â€¢	42
Ã	42
ã‚§	42
ãƒ©	42
ã‚ˆ	42
é‡	42
ì§„	42
ížˆ	42
å·	42
é€‰	42
å±¬	42
ç”±	41
ã‘	41
í•­	41
ë”	41
í¬	41
å¤„	41
å› 	41
æ¯	41
æ”¯	41
æŽ§	41
æœƒ	41
ãƒ•	40
ã	40
å‹•	40
èµ·	40
ì›	40
í–¥	40
ë£Œ	40
æª”	40
åŽŸ	39
ã‚Š	39
ã£	39
ë°œ	39
å®¹	39
è‡´	39
é«”	39
âˆ’	38
ãƒ†	38
ì•ˆ	38
ì»¨	38
í˜¸	38
íŽ˜	38
Â±	37
éƒ¨	37
ç§»	37
ê°„	37
íŠ¹	37
åˆ	36
æ”¹	36
ë–¤	36
ë¡¤	36
ì¤‘	36
ê±°	36
ì²˜	36
æ‰§	36
æŸ	36
æœª	36
å­—	36
å†Œ	36
ÃŸ	36
Ã—	35
ã	35
ã¾	35
è§£	35
ì„ 	35
í‚¤	35
ëŸ½	35
ê±´	35
ìœ 	35
ì²´	35
å½•	35
é»˜	35
å†µ	35
è‹±	35
èª¿	35
â”¬	35
ã¤	34
é–‹	34
è¿°	34
å£	34
ë¹„	34
é—®	34
åŠŸ	34
å®Œ	34
ä¾†	34
å¯¦	34
ä¸¦	34
å¾—	33
å–	33
ëˆ…	33
ë©°	33
ë¬´	33
ëŸ­	33
ä»Ž	33
ä¸Ž	33
é‡	33
å¯¼	33
æ¯	33
æˆ¶	33
ã	32
è€ƒ	32
æœŸ	32
ì €	32
ê²	32
ì°¸	32
ì•Œ	32
ì•½	32
è¯¥	32
å¼€	32
è®¡	32
äº¤	32
ç•¶	32
éŒ„	32
ì¶”	31
ë§ž	31
íƒœ	31
ì§¸	31
ä¹‰	31
ç¡¬	31
åˆ›	31
é¢‘	31
ãƒ¥	30
å—	30
å‰‡	30
ë§Ž	30
ì§ˆ	30
ì—…	30
ë§ˆ	30
ë¡	30
ë²”	30
æ±‚	30
å¯	30
è§†	30
Îµ	30
ç„¶	29
é¡ž	29
ì³	29
ä»¬	29
é¡¹	29
æ•´	29
æ¡†	29
å¦	29
è”	29
å±€	29
å°Ž	29
Ã«	29
Ã§	28
å‘¨	28
ç¾©	28
ãƒƒ	28
é«˜	28
ë§	28
ì¢…	28
íš¨	28
ì†	28
ä¸	28
è·³	28
æ¬¡	28
ç·¨	28
ç¯€	28
é …	28
é¸	28
ç°	27
æ°	27
æ ¡	27
ç·©	27
êµ¬	27
íƒ€	27
ê³„	27
í†µ	27
æ— 	27
æ‹Ÿ	27
è½½	27
çº§	27
ç‚œ	27
è¾…	27
å†²	27
ä»…	27
è™•	27
æ“¬	27
å¤‰	26
è£…	26
çµ	26
í…	26
ë°©	26
ë¯¸	26
å‘	26
æ“š	26
å¯«	26
åƒ	26
ã 	25
ä¿®	25
ë§¤	25
ëž˜	25
ë²¤	25
è¡¥	25
è¿›	25
é‚£	25
å·¥	25
æ ‡	25
æµ	25
åŒº	25
ç´¢	25
è±¡	25
é”	25
è£	25
åŸ·	25
è£œ	25
âˆ†	25
Î¼	24
æ˜Ž	24
ãƒ¡	24
ãƒ‘	24
ç•°	24
é¢	24
ì ˆ	24
ì„¹	24
ì—ˆ	24
å†™	24
æº	24
ç§	24
å¢ž	24
ä¼ 	24
å¯„	24
ç«¯	24
ãƒˆ	23
å¾Œ	23
ãƒ“	23
ã‚£	23
çŠ¶	23
ãƒ	23
ç™º	23
å	23
ì§	23
í€€	23
ì¸¡	23
ì ‘	23
í›„	23
í˜„	23
é¢˜	23
æ¢	23
ç¡®	23
è½¬	23
è®¤	23
å°„	23
è¯	23
è®€	23
è½‰	23
é™¤	22
æ²¡	22
æ‰¾	22
å˜	22
èŽ·	22
ç¬¬	22
åˆ—	22
æ	22
æ•‘	22
æ€»	22
é—œ	22
ç´š	22
Â®	21
ã‚·	21
ç§	21
è©²	21
å¤–	21
ë£¨	21
ë ¤	21
í–ˆ	21
å•	21
ç®¡	21
â€”	21
æŸ¥	21
çº¿	21
ç™¼	21
è¼‰	21
é»ž	21
ç…’	21
Â·	20
ã‚¯	20
å›°	20
é‹	20
ë ‡	20
ë´…	20
ìš´	20
ì²­	20
ì—°	20
ëŸ¼	20
è¯»	20
è™š	20
è¿	20
æœº	20
æ­¢	20
å¥	20
æ€	20
æŽª	20
æ–½	20
è™›	20
æ›	20
å•“	20
å€	20
Ã¨	20
â—¦	20
Ã´	19
ãƒ—	19
ãƒ¬	19
ã°	19
ã©	19
çŸ¥	19
å°‘	19
ç­‰	19
ë¥˜	19
ì™¸	19
ê°–	19
æ”¾	19
é”€	19
é€’	19
ç»™	19
ç¹«	19
â”´	19
ãƒŠ	18
ãƒ§	18
ãƒ‡	18
æ‰‹	18
ç„¡	18
ì§‘	18
ëª»	18
ë¥´	18
ê·¼	18
ì„¤	18
ë¯€	18
ë¸Œ	18
å¾ˆ	18
å·±	18
ç»„	18
æ ‘	18
ä¼¼	18
å…ˆ	18
æ ¹	18
é€‚	18
ä¸¤	18
æ¸…	18
æŸ„	18
ç¹	18
æ³	18
æ¨¹	18
åƒ…	18
ã‚³	17
å¥½	17
é€²	17
èª	17
ë¦½	17
ì 	17
ëž	17
ì˜¬	17
ë²•	17
ë¦´	17
í„´	17
ê¹¨	17
è®°	17
è¾“	17
ç¦	17
æµ‹	17
è™Ÿ	17
æ—¥	16
ã‚“	16
ã‚	16
è«–	16
å…·	16
ì–‘	16
ì‹	16
ì–¸	16
ëž¨	16
ë‹¨	16
ì ¸	16
ë¨¼	16
é˜…	16
è½¯	16
è‹¥	16
æ•ˆ	16
å	16
ç¤º	16
å›¾	16
å¾ž	16
æ¨™	16
è»Ÿ	16
è¼”	16
â”¤	16
Ãœ	15
Ã‰	15
è©±	15
ã‚¢	15
ã‚°	15
ãƒ 	15
ã‚	15
ç‰©	15
ä¾	15
èº«	15
ã‚­	15
ç¨®	15
è¨˜	15
ë‚ 	15
ì¼œ	15
í‹°	15
ì§	15
ë‹¬	15
Ã±	15
é‡Š	15
åš	15
è®¸	15
æ ·	15
è‡³	15
é¡µ	15
ï¼›	15
å°½	15
ä¸»	15
é”™	15
å‘½	15
æ£€	15
è®º	15
æ—©	15
èˆ‡	15
é 	15
å¡Š	15
Ã®	15
ãƒ­	14
ã€Œ	14
ã€	14
ç¢º	14
ç®—	14
å¤±	14
è¨ˆ	14
é™	14
ê·œ	14
å‘Š	14
è¯	14
æ‰“	14
è¯¯	14
æ®µ	14
å¼‚	14
ç®€	14
æ·˜	14
æ±°	14
ç‘•	14
ç–µ	14
å±‚	14
å–®	14
â”¼	14
â„ƒ	14
ã‚¸	13
ãƒ„	13
å¸ƒ	13
ã‚µ	13
é¿	13
ê¸€	13
ëžŒ	13
ë¸	13
ë¨¸	13
ë¼	13
ê°•	13
ì²«	13
ì‹¬	13
ê¹Œ	13
ì¹™	13
ì¤„	13
Â¿	13
è§	13
å‡†	13
ç¬¦	13
æ”¶	13
çˆ¶	13
èƒ¡	13
çš“	13
å€‘	13
è¼¸	13
å‰µ	13
â€‘	12
Ã¥	12
è¨³	12
æ›¸	12
é–¢	12
æ…‹	12
è¦‹	12
æ¯”	12
ë¶ˆ	12
ë ¨	12
ê²¬	12
í™œ	12
ë¬µ	12
ë³„	12
ê±¸	12
ì¶°	12
í™©	12
ë§‰	12
ìž 	12
å¤´	12
å…±	12
å¤	12
æ¤	12
ä»½	12
æ‹©	12
è¯•	12
é™·	12
æŽ¨	12
æ–­	12
æ’	12
äº§	12
é€”	12
åµŒ	12
åª’	12
æ–·	12
è¡	12
â†’	12
â€¦	11
ã‚»	11
å„	11
é›£	11
å½±	11
ë„£	11
ëžœ	11
ì‹±	11
ë‚œ	11
ì´ˆ	11
ì¡Œ	11
Ã“	11
äº«	11
æ ¼	11
éš¾	11
è¯	11
æŽ¢	11
ç¼º	11
ç€	11
å‡	11
å¸¦	11
æ¡¥	11
å…©	11
é–±	11
å„˜	11
å¸¶	11
Å¾	11
ä»Š	10
ã‚½	10
åº¦	10
é”	10
é˜²	10
çµ¦	10
æ©Ÿ	10
ì•˜	10
ìž˜	10
ë¯¹	10
í™˜	10
í‚¬	10
ìŠ·	10
í•‘	10
ì¦‰	10
ë ¹	10
ìž¡	10
í˜•	10
ì–»	10
ë˜	10
ë§	10
íŒ¨	10
ì¶œ	10
Â¡	10
è¯¦	10
å‡	10
æ›¿	10
è¿˜	10
é“¾	10
åˆ©	10
å…	10
é—²	10
åˆ«	10
æŸ	10
ç‰‡	10
ç•¥	10
è®©	10
å¡«	10
é©…	10
å‚³	10
é©	10
ä½ˆ	10
Â§	10
â‰¤	10
ï¿¼	10
Î±	10
Å¡	9
Ä±	9
ãˆ	9
å®Ÿ	9
ã‚	9
ã‚ª	9
ãš	9
äºŒ	9
è¨€	9
è¦	9
é€	9
ì• 	9
í˜€	9
ëŠ	9
ë ¬	9
ê² 	9
èŒƒ	9
æ˜“	9
èˆ¬	9
è¯´	9
è¾ƒ	9
æœ›	9
å³	9
æ··	9
å”¯	9
è¯„	9
å±	9
å¿½	9
å¸§	9
è©•	9
æ²’	9
è®Š	9
éž	9
å±¤	9
â‰ˆ	9
â„¢	8
Î©	8
Â´	8
Â¸	8
Ë™	8
ã¡	8
éš›	8
å ´	8
å¿ƒ	8
ï¼Ÿ	8
å‘³	8
é€Ÿ	8
å†	8
ç°¡	8
ç”³	8
ç´°	8
å	8
ì°¨	8
ì›¨	8
ëª©	8
ê¸¸	8
ëª‡	8
í‘œ	8
ì¤	8
ì–µ	8
ë¦¼	8
ìž„	8
ìƒˆ	8
í™•	8
íƒ	8
ì¦	8
ë„ˆ	8
í•€	8
é˜Ÿ	8
å…¼	8
æ‹¬	8
çœŸ	8
ç±	8
æˆ‘	8
å¸Œ	8
ç»	8
ä½Ž	8
æ·»	8
åŽ‹	8
é—­	8
è®¿	8
çŽ‡	8
é›†	8
ç¯¡	8
èŠ¯	8
å……	8
ç¸½	8
è¨»	8
èª¤	8
å£“	8
æª¢	8
ç‹€	8
é‡	8
â†	8
Ã 	8
ç§’	8
\x7F	8
ã»	7
å›º	7
è­°	7
æŠ€	7
ã‚„	7
é€ 	7
ç¯„	7
ãƒ¢	7
ç¶š	7
é€£	7
æ¶ˆ	7
è¨±	7
æ—¢	7
è©³	7
ì¶©	7
ëž€	7
ê»˜	7
ì—‡	7
ì—”	7
ë³‘	7
ì‹­	7
ë ¥	7
ì»¬	7
ë“	7
ë³¼	7
ì±„	7
ë‘˜	7
íŒ	7
ë¹Œ	7
ç»†	7
ä¹ˆ	7
è§„	7
æŒ‰	7
æ™®	7
ï¼	7
åˆ 	7
å¦	7
é¢„	7
å¼º	7
é™…	7
è­¦	7
æ‰	7
éšœ	7
å¼ƒ	7
å…	7
è·Ÿ	7
è®¢	7
å€™	7
é€€	7
ç·š	7
éº¼	7
é ­	7
è­‰	7
èªª	7
è©¦	7
Âº	7
Ã²	7
â†‘	7
Ï¥	7
Ã¦	7
Ã¯	7
âˆˆ	7
Ä‡	6
Å™	6
Å	6
ã¹	6
ã¿	6
å¼·	6
ãƒš	6
å…¬	6
ãŠ	6
è¿½	6
ç ´	6
å“¡	6
éŸ¿	6
ë²½	6
ë–»	6
ë³¸	6
ì¹´	6
ë†“	6
ì¨	6
ì¤€	6
ë„˜	6
ê¹¥	6
ê¸´	6
ê°	6
í•¸	6
ë°›	6
ìœˆ	6
ä»€	6
ç½‘	6
å®¢	6
å¸®	6
åº“	6
ã€	6
ã€‘	6
è´¥	6
èµ–	6
è¸ª	6
èœ	6
å¹³	6
ç”š	6
ä¼˜	6
å£°	6
é•¿	6
å¹´	6
æœˆ	6
é½	6
æ®Š	6
è	6
ç‹¬	6
å‹˜	6
ä»‹	6
å®	6
é	6
é“	6
éŸ³	6
å‡€	6
è·	6
è…³	6
çµ„	6
åº«	6
éŒ¯	6
æ¸¬	6
æº–	6
è²	6
é½Š	6
Ã„	6
Ã–	6
â”†	6
Â«	6
Â»	6
â– 	6
Ãª	6
Å 	5
Ã£	5
å¤	5
ç†Ÿ	5
äºº	5
æ°—	5
å˜	5
ãƒ™	5
ã›	5
æ±º	5
è¨¼	5
æ„Ÿ	5
æž—	5
å¤ª	5
ä»˜	5
å§”	5
ì˜€	5
ì‹¶	5
ê²¹	5
ê³§	5
ë„Œ	5
ë¿	5
ê²Ÿ	5
ë‹Œ	5
ì›€	5
íšŒ	5
ì£ 	5
ëˆ„	5
ëž«	5
íš	5
í‹´	5
í´	5
é™„	5
æ˜¾	5
ç§°	5
ç”µ	5
è®®	5
æ¡ˆ	5
åŒ¹	5
ç¨³	5
æ—§	5
ç«‹	5
æ­¥	5
è¯¢	5
éªŒ	5
å°š	5
é˜»	5
å½¢	5
è¯†	5
åºŸ	5
çƒ­	5
å“	5
å“ª	5
é¡¶	5
ä¸¢	5
æ‚	5
é‡‹	5
ç¶²	5
æ¨£	5
é¡¯	5
ç²	5
åˆª	5
ç©©	5
ç¶“	5
èˆŠ	5
çºŒ	5
åˆ¥	5
Ã¬	5
Â–	5
Â½	5
Ã…	5
Ã·	5
âˆ©	5
â–ˆ	5
â–„	5
å¯¾	4
ç­”	4
ã€…	4
ãƒ¦	4
ã‚¶	4
ã‚±	4
ã˜	4
ç•Œ	4
ã’	4
äº’	4
ãƒ£	4
å¾“	4
å­¦	4
æ¡	4
ä»•	4
èª°	4
é ‚	4
å…‰	4
ë‹™	4
ìˆ 	4
ë“¯	4
ë“±	4
ë€Œ	4
ì¹œ	4
ë‚¼	4
ê¶Œ	4
ì¦˜	4
ê¾¸	4
ë¦„	4
ë¨	4
ì¦ˆ	4
ì‚­	4
ë±…	4
í™€	4
ê°ˆ	4
ì§“	4
ê¸ˆ	4
ë…¼	4
ì˜µ	4
ì›Œ	4
ì¹ 	4
ìª½	4
ì ¼	4
Ã	4
é‡	4
ç»œ	4
è™½	4
ä¹¦	4
ç«™	4
èµ„	4
æƒ	4
é¦–	4
æ€ª	4
å½©	4
è‰²	4
å°	4
è·¯	4
å	4
ä»¿	4
ç¨	4
å¾®	4
é™	4
å§	4
å¯†	4
å†³	4
æ‹¥	4
è·¨	4
è¶Š	4
æœ¯	4
ç›‘	4
è´Ÿ	4
è´£	4
é 	4
è¿‘	4
å°¾	4
å±•	4
å®œ	4
åˆ¤	4
æœ	4
è§ˆ	4
æ‹”	4
å¿—	4
å¹«	4
æ¬Š	4
é‚„	4
è©¢	4
å”	4
éˆ	4
é–‰	4
è–¦	4
å†Š	4
å»¢	4
æ£„	4
æ¼†	4
é¹	4
æŒ¯	4
ï¿½	4
â•¯	4
â”»	4
Å„	4
Â³	4
æ”¿	4
â‰ 	4
â°	4
çª„	4
Ã‡	4
Ã¢	4
Ã†	4
Ã»	4
Ã¹	4
Ã¿	4
Â¢	4
Â£	4
Â¥	4
â‚§	4
Æ’	4
Ã‘	4
Âª	4
âŒ	4
Â¬	4
Â¼	4
â–‘	4
â–’	4
â–“	4
â•¡	4
â•¢	4
â•–	4
â••	4
â•£	4
â•‘	4
â•—	4
â•	4
â•œ	4
â•›	4
â•ž	4
â•Ÿ	4
â•š	4
â•”	4
â•©	4
â•¦	4
â• 	4
â•	4
â•¬	4
â•§	4
â•¨	4
â•¤	4
â•¥	4
â•™	4
â•˜	4
â•’	4
â•“	4
â•«	4
â•ª	4
â–Œ	4
â–	4
â–€	4
Î“	4
Ï€	4
Î£	4
Ïƒ	4
Ï„	4
Î¦	4
Î˜	4
Î´	4
âˆž	4
Ï†	4
â‰¡	4
â‰¥	4
âŒ 	4
âŒ¡	4
âˆš	4
â¿	4
é•·	3
æ—¨	3
è”½	3
èªž	3
æ¬²	3
è¡“	3
ãƒ	3
æŽ›	3
ã”	3
é•	3
é 	3
ãƒ»	3
ã­	3
ãƒ–	3
å ±	3
ç…§	3
è¼ƒ	3
ä½™	3
çŸ­	3
å¹¸	3
ã¸	3
å…ƒ	3
å…¸	3
çš†	3
ì±…	3
ì˜³	3
ì¡±	3
ê³³	3
ë„¤	3
ë„·	3
ì•…	3
ëƒ…	3
ë­	3
ížŒ	3
ë³µ	3
ê¸‰	3
ëŠ˜	3
íˆ¬	3
í	3
ìš¸	3
ë	3
ê¹Š	3
ë¬¼	3
ë§	3
ë¹ 	3
ê¹	3
ë²¨	3
ê¿”	3
ì…ˆ	3
ë¸”	3
ì°¬	3
ì¶¥	3
ìœ	3
ê²€	3
ëœ»	3
í—¤	3
í‹€	3
êµ­	3
ì¢‹	3
ê°	3
í”Œ	3
ì†¡	3
ë¤„	3
ì¼€	3
ê²¨	3
ì‚½	3
ì°©	3
ì„­	3
ì‘	3
ë“ˆ	3
éš	3
å‚¨	3
å¡	3
æ·†	3
æ°¸	3
è¿œ	3
å	3
ç¼©	3
çœ‹	3
å°¤	3
ç›˜	3
è¦†	3
ä½³	3
æ±‡	3
çŽ¯	3
ç²’	3
æ•…	3
åœ	3
è¾¾	3
å¾ª	3
è®¨	3
åº•	3
çƒˆ	3
æŽ’	3
å¿«	3
ç»	3
è¿ž	3
éš	3
æ°´	3
æ·±	3
å›´	3
åŽ†	3
æ‘„	3
æ–¥	3
å¾…	3
å¬	3
æžš	3
èˆ‰	3
çµ¡	3
è¤‡	3
éš¨	3
ç¨±	3
é›»	3
è³‡	3
é †	3
éŠ·	3
è³´	3
å„²	3
å­¸	3
å£ž	3
ç¸®	3
ç›¤	3
æ¢	3
è¨ª	3
å½™	3
æ“	3
å„ª	3
ç¨	3
ç”¢	3
è§¸	3
â€	3
Äƒ	2
å›£	2
åºƒ	2
è³ª	2
ãœ	2
èª¬	2
æ¸¡	2
ãƒž	2
é ¼	2
è‰¯	2
ã‚º	2
èª­	2
è¦–	2
ä¿‚	2
ï¼£	2
æ‰±	2
æ‚ª	2
å¤¢	2
ã	2
æ‚©	2
ãƒ	2
å¿œ	2
ç¶™	2
æ¥µ	2
ç«	2
çˆ†	2
å½¼	2
è¨Ž	2
æŒ™	2
ç´”	2
å¶	2
å‰Š	2
åŠ›	2
ç¨¿	2
ã‚¨	2
ç«¶	2
å´	2
é ˜	2
ãƒœ	2
ë°•	2
íƒ	2
ë´	2
ë´‰	2
ì•”	2
ìŠ¬	2
í—Œ	2
ì°½	2
ë´¤	2
ë‘”	2
ë¦­	2
ì”©	2
ë‹˜	2
ë°±	2
ë‚¬	2
ë†’	2
í‰	2
ì§§	2
ì¤˜	2
ë ¸	2
ëœ¨	2
ì§	2
ë…	2
ë‚¨	2
í•µ	2
ëŸ‰	2
ë‹´	2
ê²ª	2
ë¦°	2
í—ˆ	2
ì²©	2
ì¢€	2
íŒ…	2
ê³±	2
ìŠ¨	2
ì¹©	2
í¼	2
ì¥´	2
ë“­	2
ë²Œ	2
ë€	2
ì‹¸	2
ì—„	2
ê²©	2
ë‹µ	2
ìž­	2
ê¾¼	2
ì°°	2
í›¨	2
ì”¬	2
ì™œ	2
ê±±	2
í’€	2
ëƒ	2
ëª½	2
ì°¾	2
ë…¸	2
ä»”	2
è¯‰	2
å…‹	2
éš†	2
æ•£	2
é»‘	2
å›¢	2
åŠ¡	2
æ‹·	2
æ°	2
å¤©	2
ä¸“	2
æŠŠ	2
é‡Œ	2
æž	2
ç³Ÿ	2
é¡º	2
çŠ¯	2
æ’¤	2
éª¤	2
å¥‡	2
çº¯	2
å‰	2
ä»	2
æ…¢	2
ç ”	2
ç©¶	2
å¾’	2
é™	2
å‰¯	2
ç›–	2
æŠ¥	2
å®‹	2
å†¬	2
ç´§	2
çª	2
å·§	2
é˜¶	2
æ§½	2
å¢ƒ	2
è¶…	2
æ——	2
é­”	2
æœ«	2
ç£	2
çœ	2
æ‰©	2
éµ	2
æ—‹	2
è½®	2
å¿™	2
ç¡€	2
ç»ˆ	2
éš”	2
èƒŒ	2
ä¸¥	2
è§¦	2
å¹²	2
éº»	2
æº	2
å¯Ÿ	2
æŒ‚	2
ç¥–	2
å¹¿	2
æ³›	2
é­	2
å°	2
æº¢	2
æ·	2
å¾·	2
å·ž	2
ä»ª	2
æ‹†	2
åž‚	2
æž	2
ä¸²	2
æ›	2
å‡	2
å¿˜	2
ç´ 	2
å¸	2
æ¿	2
æ—¦	2
å¾€	2
å»¶	2
ä¸´	2
æ•	2
è­˜	2
é¡	2
åœ˜	2
é›–	2
å°ˆ	2
è£	2
è¹¤	2
é 	2
æ“‡	2
è‡º	2
é©—	2
éœ	2
è£½	2
é »	2
ç·Š	2
éšŽ	2
ç’°	2
è²¬	2
åœ–	2
é–’	2
æ“´	2
ç¤Ž	2
çµ‚	2
è¬‚	2
åš´	2
æ”œ	2
æ™¶	2
åˆ·	2
â–¡	2
ï¸µ	2
â”	2
ÄŒ	2
â„¦	2
Åš	2
Ã°	2
Â¨	2
ðŸ”¥	2
Â¾	2
ç‚º	2
å¯¬	2
\x1B	2
Å­	1
è‘—	1
æ± 	1
ç”°	1
å®—	1
è«¸	1
ä¸–	1
éš 	1
è¾¼	1
ã‚€	1
ç–‘	1
å¼	1
å£«	1
è«‡	1
è»½	1
å›²	1
æ§˜	1
æ€	1
å	1
ã‚¦	1
æ˜”	1
æ®	1
æ¿€	1
äº‰	1
å·»	1
æ­©	1
æ¤œ	1
ï¼“	1
ä¼´	1
æ®‹	1
å±	1
é™º	1
æ¥½	1
ä¾¡	1
å€¤	1
é…¬	1
ã²	1
ã³	1
çµŒ	1
å½¹	1
å¦¥	1
é…·	1
ç¥ˆ	1
ï¼œ	1
ï¼ž	1
ãž	1
åŠ´	1
æ‰•	1
åŠ¹	1
å“	1
å–„	1
è‰	1
æŸ»	1
è¬	1
æ­¦	1
äº•	1
ä¼¸	1
é›…	1
é‡Ž	1
ç¥ž	1
å®®	1
éƒŽ	1
è„ˆ	1
å£Š	1
ãƒ€	1
ç·’	1
ç™½	1
ã€€	1
ãƒŸ	1
æŠ•	1
å”±	1
æ´»	1
ë­”	1
ì²œ	1
ìƒ‰	1
ì´	1
ì˜¨	1
ì¹¼	1
í	1
ë…	1
ì•±	1
ì·¨	1
ë¢°	1
ê¸‹	1
ë¬˜	1
ì—´	1
ê¹°	1
ì‹¼	1
ë•	1
ê³¤	1
ê¿€	1
ëŒ	1
ë„	1
ì†	1
ì•¨	1
ë£°	1
í‚´	1
ì…‹	1
ì³¤	1
í“¨	1
ë’·	1
ì„¬	1
ìŒ	1
íž	1
ë€”	1
í¼	1
ëˆˆ	1
ì¼	1
í›Œ	1
ë¥­	1
ë¡ 	1
ê°¯	1
ì§œ	1
ë–¨	1
í°	1
í‚¹	1
ë¹¼	1
í”	1
ì”€	1
ë ´	1
ë– 	1
ë”	1
ë®¤	1
ì¥	1
ì  	1
ë¦…	1
ìš±	1
ë‚«	1
ê°”	1
ìœ¨	1
í‚¨	1
ì„ž	1
ì—¼	1
ëž‘	1
ì‚°	1
ë‚¸	1
ì…‰	1
ë®	1
ìˆ¨	1
ì›”	1
ì—‰	1
ê´„	1
ë	1
ê¹€	1
ë¯¼	1
ìˆ™	1
ë”©	1
ë‹	1
ë¯¿	1
ë µ	1
ì› 	1
ëŠ	1
í‚·	1
ë‚¡	1
ê¼­	1
êµ	1
í¬	1
ê°‘	1
í…Œ	1
íž˜	1
ì–˜	1
ë¹ˆ	1
ì‰½	1
ì“¸	1
ë©˜	1
å´	1
æ¾	1
è´¬	1
è´	1
æ ˆ	1
è„š	1
å¾„	1
å¤¹	1
å°	1
å‘˜	1
æ„¿	1
ç¼€	1
è¾‘	1
ç»•	1
è¯­	1
ç»§	1
ç»­	1
é’©	1
è¿	1
ç¦»	1
é—	1
è°“	1
è¿	1
å‡ 	1
è®¯	1
ç¬”	1
æ‰°	1
çƒ¦	1
æ½œ	1
è§‚	1
è„¸	1
ä»·	1
æ»¡	1
è¯º	1
äºš	1
é•œ	1
é—ª	1
ç¯	1
ä¼½	1
é©¬	1
é‡‡	1
è´¨	1
ç›Š	1
å‡	1
è¡¡	1
æŽ©	1
ç²¹	1
ç»¼	1
è™‘	1
æ–™	1
æ¦‚	1
çº¢	1
æš‚	1
è¡	1
ç²¾	1
æŠ˜	1
è§’	1
åºž	1
è‚¯	1
äº¦	1
è¶‹	1
å®½	1
èµ‹	1
äºˆ	1
é€	1
åˆ‡	1
è£¸	1
å‹¿	1
åˆ	1
å¡ž	1
è—	1
å¹•	1
æ’­	1
è°	1
å 	1
åœº	1
æ™¯	1
èŠ±	1
å“¨	1
æ´¾	1
é’Ÿ	1
å¥—	1
å››	1
æ¶‰	1
å€¡	1
å³	1
è¨´	1
é¬†	1
è²¶	1
éšŠ	1
å‹™	1
è²	1
æ£§	1
æ•—	1
é©Ÿ	1
å¾‘	1
å¤¾	1
å˜—	1
é¡˜	1
ç¶´	1
è“‹	1
è¼¯	1
ç›¡	1
é€±	1
ç¹ž	1
ç›£	1
è² 	1
ç¹¼	1
è¼ª	1
é‰¤	1
é·	1
é›¢	1
éº	1
ç†±	1
å¹¾	1
è¨Š	1
ç­†	1
æ“¾	1
ç…©	1
æ½›	1
è®“	1
è§€	1
è¨‚	1
å»£	1
ä¸Ÿ	1
è‡‰	1
åƒ¹	1
æ»¿	1
å¼±	1
æ©‹	1
è‡¨	1
å¾©	1
Ã‚	1
Å›	1
â–º	1
Ã˜	1
Ä…	1
\x14	1
ðŸ˜›	1
ðŸ˜·	1
âˆ…	1
ðŸ•‘	1
Ä	1
Â­	1
â‹¯	1
Ãƒ	1
âˆ€	1
Ñ•	1
â€¯	1
Ä°	1
â–	1
â–‚	1
â–ƒ	1
â–…	1
â–†	1
â–‡	1
Å»	1
âœ”	1
ï¸	1
âŒ	1
